order,doc_id,chapter,section
1,Isaiah_20,20,Isaiah_1_35
2,Isaiah_64,64,Isaiah_56_66
3,Isaiah_12,12,Isaiah_1_35
4,Isaiah_50,50,Isaiah_40_55
5,Isaiah_39,39,Isaiah_36_39
6,Isaiah_4,4,Isaiah_1_35
7,Isaiah_18,18,Isaiah_1_35
8,Isaiah_46,46,Isaiah_40_55
9,Isaiah_56,56,Isaiah_56_66
10,Isaiah_21,21,Isaiah_1_35
11,Isaiah_53,53,Isaiah_40_55
12,Isaiah_59,59,Isaiah_56_66
13,Isaiah_15,15,Isaiah_1_35
14,Isaiah_16,16,Isaiah_1_35
15,Isaiah_6,6,Isaiah_1_35
16,Isaiah_23,23,Isaiah_1_35
17,Isaiah_52,52,Isaiah_40_55
18,Isaiah_32,32,Isaiah_1_35
19,Isaiah_35,35,Isaiah_1_35
20,Isaiah_55,55,Isaiah_40_55
21,Isaiah_58,58,Isaiah_56_66
22,Isaiah_57,57,Isaiah_56_66
23,Isaiah_63,63,Isaiah_56_66
24,Isaiah_38,38,Isaiah_36_39
25,Isaiah_36,36,Isaiah_36_39
26,Isaiah_37,37,Isaiah_36_39
27,Isaiah_31,31,Isaiah_1_35
28,Isaiah_1,1,Isaiah_1_35
29,Isaiah_61,61,Isaiah_56_66
30,Isaiah_65,65,Isaiah_56_66
31,Isaiah_66,66,Isaiah_56_66
32,Isaiah_48,48,Isaiah_40_55
33,Isaiah_42,42,Isaiah_40_55
34,Isaiah_44,44,Isaiah_40_55
35,Isaiah_49,49,Isaiah_40_55
36,Isaiah_45,45,Isaiah_40_55
37,Isaiah_41,41,Isaiah_40_55
38,Isaiah_43,43,Isaiah_40_55
39,Isaiah_28,28,Isaiah_1_35
40,Isaiah_24,24,Isaiah_1_35
41,Isaiah_33,33,Isaiah_1_35
42,Isaiah_27,27,Isaiah_1_35
43,Isaiah_7,7,Isaiah_1_35
44,Isaiah_8,8,Isaiah_1_35
45,Isaiah_13,13,Isaiah_1_35
46,Isaiah_34,34,Isaiah_1_35
47,Isaiah_17,17,Isaiah_1_35
48,Isaiah_11,11,Isaiah_1_35
49,Isaiah_19,19,Isaiah_1_35
50,Isaiah_40,40,Isaiah_40_55
51,Isaiah_29,29,Isaiah_1_35
52,Isaiah_22,22,Isaiah_1_35
53,Isaiah_51,51,Isaiah_40_55
54,Isaiah_3,3,Isaiah_1_35
55,Isaiah_2,2,Isaiah_1_35
56,Isaiah_30,30,Isaiah_1_35
57,Isaiah_5,5,Isaiah_1_35
58,Isaiah_9,9,Isaiah_1_35
59,Isaiah_10,10,Isaiah_1_35
60,Isaiah_14,14,Isaiah_1_35
61,Isaiah_47,47,Isaiah_40_55
62,Isaiah_54,54,Isaiah_40_55
63,Isaiah_60,60,Isaiah_56_66
64,Isaiah_62,62,Isaiah_56_66
65,Isaiah_25,25,Isaiah_1_35
66,Isaiah_26,26,Isaiah_1_35
